drug_name,best_model_name,pred_log10_ic50,pred_ic50,n_train_rows,cv_mae,cv_rmse,cv_r2,cv_pearson,cv_spearman,confidence_score_raw,model_results,weighted_targets,n_main_targets,n_indirect_targets,n_unique_signature_genes,n_interactions,direct_targets,indirect_targets,ic50_class,score_targets,score_model,score_conf,final_score,score_ic50,recommendation,drug_name_norm,risk_reduction_pct,n_valid_targets_in_twin,top_pathway,score_twin,pathway_coverage_score,combined_score
NVP-TAE684,elasticnet,-0.030131231958234413,0.9329723393804392,427,0.23132486169784935,0.2769939902768416,0.019099171744526022,0.16185131347839,0.18293813748123797,0.6135451696327925,"          model_name    cv_mae   cv_rmse     cv_r2  cv_pearson  cv_spearman
0         elasticnet  0.231325  0.276994  0.019099    0.161851     0.182938
1      random_forest  0.232517  0.278722  0.006823    0.150931     0.145602
2        extra_trees  0.232168  0.280639 -0.006886    0.139425     0.137165
3              lasso  0.228510  0.281103 -0.010217    0.180691     0.177666
4            xgboost  0.239707  0.291723 -0.087993    0.084330     0.078033
5  gradient_boosting  0.238625  0.294369 -0.107820    0.082659     0.078413
6              ridge  0.388244  0.502939 -2.233816   -0.003390     0.000161",17,5,7,7,7,"['BLK', 'BTK', 'JAK2', 'LYN', 'TYK2']","['BLK', 'BTK', 'JAK2', 'LCK', 'LYN', 'SYK', 'TYK2']",MEDIUM,1.0,0.6837349841360356,0.5556399768230957,0.870092993343369,0.9999999999756588,Better,nvp-tae684,3.191778927127208,7.0,T_Cell_Activation,1.0,1.0,0.8971058446868256
lapatinib,extra_trees,0.17512506813717427,1.4966666041302035,360,0.24191298234871728,0.34722422577874684,0.11686277421847724,0.3419003152207747,0.39427130353372064,0.6726294980019926,"          model_name    cv_mae   cv_rmse     cv_r2  cv_pearson  cv_spearman
0        extra_trees  0.241913  0.347224  0.116863    0.341900     0.394271
1            xgboost  0.249450  0.350047  0.102445    0.335939     0.385375
2      random_forest  0.247721  0.352732  0.088621    0.302744     0.364734
3         elasticnet  0.249708  0.354356  0.080213    0.299676     0.332249
4              lasso  0.261178  0.369803 -0.001724    0.280599     0.339737
5  gradient_boosting  0.262300  0.381092 -0.063820    0.244505     0.358628
6              ridge  0.522279  0.676181 -2.349146    0.097719     0.100459",9,4,1,4,4,"['HLA-A', 'HLA-B', 'HLA-DQA1', 'HLA-DRB1']",['HLA-DQA1'],HIGH (worse sensitivity),0.3,0.9766329599425071,1.0,0.7503265919767207,0.9999999999607306,Better,lapatinib,2.4516111534508056,3.0,Antigen_Presentation,0.6751822211219393,0.42857142857142855,0.7168178866393458
dovitinib,elasticnet,0.5602958686257986,3.633254905761961,330,0.22884998966893116,0.3911280338506392,0.01773781692388443,0.13488968666029205,0.16735991398201336,0.6021436238598354,"          model_name    cv_mae   cv_rmse     cv_r2  cv_pearson  cv_spearman
0         elasticnet  0.228850  0.391128  0.017738    0.134890     0.167360
1        extra_trees  0.233547  0.393653  0.005014    0.161757     0.191338
2      random_forest  0.241723  0.398378 -0.019012    0.142871     0.170488
3            xgboost  0.248197  0.405144 -0.053921    0.152995     0.194321
4  gradient_boosting  0.258213  0.416117 -0.111785    0.123953     0.187080
5              lasso  0.271668  0.431161 -0.193625    0.066244     0.107291
6              ridge  0.673157  0.881494 -3.989168   -0.009210    -0.006566",16,5,6,6,6,"['BLK', 'BTK', 'JAK2', 'LYN', 'TYK2']","['BLK', 'BTK', 'JAK2', 'LCK', 'LYN', 'TYK2']",HIGH (worse sensitivity),0.95,0.6668355357600879,0.46989150030212423,0.8363508321685806,0.999999999904148,Better,dovitinib,1.859949933687902,6.0,T_Cell_Activation,0.4155355706103872,0.8571428571428571,0.654498759933995
tozasertib,extra_trees,-0.11681816316400422,0.7641556646006877,402,0.6931588897984822,4.0736089415129655,-0.035245095456960085,-0.006112907346086273,0.10491816087720404,0.5724265523766023,"          model_name    cv_mae   cv_rmse     cv_r2  cv_pearson  cv_spearman
0        extra_trees  0.693159  4.073609 -0.035245   -0.006113     0.104918
1      random_forest  0.676795  4.105683 -0.051612    0.002369     0.204364
2            xgboost  0.726605  4.175082 -0.087463    0.012482     0.178625
3         elasticnet  1.979662  4.725238 -0.392938    0.003180     0.060019
4  gradient_boosting  1.004668  6.418245 -1.569906    0.010849     0.132986
5              lasso  3.638202  6.456986 -1.601023    0.002845     0.045067
6              ridge  4.414130  7.472400 -2.483411    0.001081     0.019706",16,5,6,6,6,"['BLK', 'BTK', 'JAK2', 'LYN', 'TYK2']","['BLK', 'BTK', 'JAK2', 'LCK', 'LYN', 'TYK2']",MEDIUM,0.95,0.30886854240293216,0.2463960500276514,0.7312331159787729,0.9999999999801295,Better,tozasertib,1.8087553666692884,6.0,T_Cell_Activation,0.3930691702333287,0.8571428571428571,0.5769830024891637
PF-562271,extra_trees,0.47659215958164747,2.9963473656967423,410,0.30446334833289646,0.7409410985036646,-0.049535159129830975,0.011452005087458353,0.020044372806442893,0.5637510687135387,"          model_name    cv_mae   cv_rmse     cv_r2  cv_pearson  cv_spearman
0        extra_trees  0.304463  0.740941 -0.049535    0.011452     0.020044
1         elasticnet  0.302918  0.742793 -0.054788   -0.066594    -0.084731
2      random_forest  0.332577  0.766604 -0.123496    0.043098     0.049509
3            xgboost  0.356346  0.822469 -0.293208   -0.011495     0.005759
4  gradient_boosting  0.366911  0.850253 -0.382058    0.019456     0.009340
5              lasso  0.537925  0.924503 -0.633977   -0.071625    -0.045956
6              ridge  0.999119  1.387286 -2.679272   -0.035873    -0.049925",16,5,6,6,6,"['BLK', 'BTK', 'JAK2', 'LYN', 'TYK2']","['BLK', 'BTK', 'JAK2', 'LCK', 'LYN', 'TYK2']",HIGH (worse sensitivity),0.95,0.440051175831025,0.1811496771231339,0.7476826867109795,0.9999999999210151,Better,pf-562271,1.791430144476297,6.0,T_Cell_Activation,0.3854661099658647,0.8571428571428571,0.5751996009345925
cisplatin,elasticnet,0.7227182616208161,5.281025464609643,296,0.09991982402404452,0.13839400819354042,-0.005512597681572418,-0.09898683969119436,-0.053984358000865595,0.5435093049631637,"          model_name    cv_mae   cv_rmse     cv_r2  cv_pearson  cv_spearman
0         elasticnet  0.099920  0.138394 -0.005513   -0.098987    -0.053984
1              lasso  0.098927  0.139253 -0.018030    0.093085     0.083274
2        extra_trees  0.099179  0.140234 -0.032432    0.089490     0.138034
3      random_forest  0.098174  0.141142 -0.045833    0.053020     0.149448
4  gradient_boosting  0.100550  0.144499 -0.096180    0.091260     0.113135
5            xgboost  0.105449  0.149576 -0.174565    0.008835     0.085765
6              ridge  0.290880  0.391113 -7.030760    0.003165    -0.016587",17,5,7,7,9,"['FAS', 'FASLG', 'IFNG', 'IL6', 'STAT1']","['BAX', 'BCL2', 'FAS', 'FASLG', 'IFNG', 'IL6', 'STAT1']",HIGH (worse sensitivity),1.0,0.5385250246596691,0.02891589775183709,0.7620423895528625,0.9999999998605106,Better,cisplatin,0.9130619916411499,7.0,Apoptosis_Cell_Stress,0.0,1.0,0.4458106650739718
paclitaxel,extra_trees,-1.2680566457152798,0.05394402578814149,466,0.3316285971032657,0.4528726977344609,0.08381534491804432,0.29098524300500134,0.3129950986335881,0.6577400297914313,"          model_name    cv_mae   cv_rmse     cv_r2  cv_pearson  cv_spearman
0        extra_trees  0.331629  0.452873  0.083815    0.290985     0.312995
1      random_forest  0.340574  0.461584  0.048230    0.229472     0.298247
2         elasticnet  0.344325  0.467934  0.021861    0.147862     0.205856
3            xgboost  0.340179  0.468477  0.019592    0.238900     0.312673
4              lasso  0.350115  0.479467 -0.026948    0.243960     0.292890
5  gradient_boosting  0.356738  0.484092 -0.046856    0.178430     0.255115
6              ridge  0.534739  0.722348 -1.330900    0.127997     0.176214",11,3,5,5,6,"['FCGR2A', 'IL2RA', 'JAK2']","['BCL2', 'FCGR2A', 'IL2RA', 'JAK2', 'SYK']",LOW (better sensitivity),0.1,0.8626511312105613,0.8880196386799285,0.6407331720437828,0.9999999999989378,Maybe,paclitaxel,,,,0.0,0.0,0.3771318912876951
digoxin,extra_trees,-0.42184318607316296,0.37857925645858787,441,0.19011875203989242,0.2420001645891484,0.08470189904942216,0.2942719472580842,0.24572164530147725,0.6502732751269064,"          model_name    cv_mae   cv_rmse     cv_r2  cv_pearson  cv_spearman
0        extra_trees  0.190119  0.242000  0.084702    0.294272     0.245722
1      random_forest  0.191981  0.243133  0.076114    0.279860     0.233294
2            xgboost  0.192643  0.247448  0.043030    0.260732     0.224500
3              lasso  0.193766  0.247772  0.040518    0.251633     0.224677
4  gradient_boosting  0.198111  0.249566  0.026579    0.254887     0.208317
5         elasticnet  0.200641  0.250408  0.019993    0.174085     0.157832
6              ridge  0.307747  0.402425 -1.531051    0.039752     0.066210",9,3,3,3,3,"['RORC', 'STAT3', 'TNF']","['RORC', 'STAT3', 'TNF']",MEDIUM,0.0,0.8736829253141183,0.8318638463173269,0.5995161620075249,0.9999999999903406,Maybe,digoxin,,,,0.0,0.0,0.35296865753511886
melphalan,random_forest,0.15951567762051078,1.443828724202923,314,0.20415382573837906,0.2692495272428829,0.09325174724347118,0.30946663707842004,0.24906038115781504,0.6460430902605474,"          model_name    cv_mae   cv_rmse     cv_r2  cv_pearson  cv_spearman
0      random_forest  0.204154  0.269250  0.093252    0.309467     0.249060
1        extra_trees  0.204275  0.271143  0.080451    0.292428     0.236070
2              lasso  0.203934  0.272279  0.072732    0.331424     0.321107
3         elasticnet  0.205168  0.273798  0.062358    0.292062     0.278300
4            xgboost  0.210934  0.280518  0.015768    0.247370     0.218929
5  gradient_boosting  0.217654  0.288108 -0.038217    0.198362     0.196957
6              ridge  0.418395  0.547292 -2.746414    0.154507     0.194759",9,3,3,3,3,"['CTLA4', 'IFNG', 'RORC']","['CTLA4', 'IFNG', 'RORC']",MEDIUM,0.0,0.8935628909927792,0.8000495717517937,0.5987200139499639,0.99999999996213,Maybe,melphalan,,,,0.0,0.0,0.3494289634526631
sirolimus,random_forest,-1.5822335934929888,0.026167751476741715,423,1.0691919754918866,1.3499272080275844,0.01491824491742888,0.14548548162921318,0.16311105445639054,0.6084539826768551,"          model_name    cv_mae   cv_rmse     cv_r2  cv_pearson  cv_spearman
0      random_forest  1.069192  1.349927  0.014918    0.145485     0.163111
1        extra_trees  1.070552  1.353296  0.009996    0.147063     0.182773
2            xgboost  1.096904  1.392127 -0.047633    0.124775     0.141302
3  gradient_boosting  1.107895  1.405330 -0.067600    0.121627     0.136867
4         elasticnet  1.107083  1.412339 -0.078275    0.083138     0.121163
5              lasso  1.352408  1.745399 -0.646800    0.062112     0.085274
6              ridge  1.911344  2.482294 -2.330873   -0.028978    -0.012593",13,4,5,5,5,"['CTLA4', 'IL10', 'IL17A', 'JAK2']","['BAX', 'CTLA4', 'IL10', 'IL17A', 'JAK2']",LOW (better sensitivity),0.5,0.5352866778118018,0.5173502980507194,0.6596598802698703,0.9999999999996734,Maybe,sirolimus,,,,0.0,0.0,0.3485819759265136
barasertib-HQPA,elasticnet,-1.2461957208118708,0.056728889121139214,239,0.416662586966059,0.529836547711054,0.05568705958988662,0.24182621115099281,0.21525087022256598,0.6201326811479305,"          model_name    cv_mae   cv_rmse     cv_r2  cv_pearson  cv_spearman
0         elasticnet  0.416663  0.529837  0.055687    0.241826     0.215251
1      random_forest  0.419129  0.540504  0.017279    0.202503     0.174578
2        extra_trees  0.423491  0.542482  0.010072    0.203042     0.191708
3            xgboost  0.446030  0.566845 -0.080840    0.163337     0.158771
4  gradient_boosting  0.452538  0.579061 -0.127926    0.142611     0.113436
5              lasso  0.472491  0.603649 -0.225746    0.211055     0.195200
6              ridge  0.826548  1.047346 -2.689883    0.095060     0.068142",10,3,4,4,4,"['BLK', 'BTK', 'LYN']","['BLK', 'BTK', 'LCK', 'LYN']",LOW (better sensitivity),0.05,0.757564598836432,0.6051831780464981,0.5597903964739204,0.999999999998864,Maybe,barasertib-hqpa,,,,0.0,0.0,0.312423996217914
hesperadin,random_forest,-0.7094218382001815,0.1952442091618634,355,0.4148167927408175,0.54267630363046,0.012726927205292449,0.13747781869785214,0.15063851016975977,0.6015497056419336,"          model_name    cv_mae   cv_rmse     cv_r2  cv_pearson  cv_spearman
0      random_forest  0.414817  0.542676  0.012727    0.137478     0.150639
1         elasticnet  0.419718  0.545041  0.004105    0.087428     0.127888
2        extra_trees  0.417018  0.545505  0.002408    0.128655     0.110222
3            xgboost  0.428184  0.557254 -0.041028    0.126942     0.141923
4  gradient_boosting  0.432494  0.568275 -0.082613    0.103082     0.121323
5              lasso  0.468934  0.606167 -0.231800    0.103897     0.114465
6              ridge  0.857339  1.095861 -3.025936   -0.009529    -0.009143",10,3,4,4,4,"['BLK', 'BTK', 'TYK2']","['BLK', 'BTK', 'LCK', 'TYK2']",MEDIUM,0.05,0.6273601034521948,0.4654247741776779,0.5127857368156494,0.9999999999951958,Worse,hesperadin,,,,0.0,0.0,0.27729605898481
aspirin,random_forest,-1.859011478871212,0.013835298103045407,114,1.2774175259415756,1.6473103104591151,-0.05813906326716611,0.0471379671076696,0.11173933294181974,0.5449284609121026,"          model_name    cv_mae   cv_rmse     cv_r2  cv_pearson  cv_spearman
0      random_forest  1.277418  1.647310 -0.058139    0.047138     0.111739
1  gradient_boosting  1.176555  1.663003 -0.078395    0.167090     0.193536
2            xgboost  1.263473  1.664935 -0.080902    0.099524     0.089293
3        extra_trees  1.354320  1.712838 -0.143996   -0.119381    -0.043203
4         elasticnet  1.542434  1.994557 -0.551260   -0.053995    -0.042085
5              ridge  1.972550  2.425511 -1.294026    0.029141    -0.025884
6              lasso  2.086269  2.558451 -1.552384   -0.003320    -0.054284",12,4,4,6,7,"['FAS', 'HLA-DPB1', 'HLA-DQB1', 'HLA-DRB1']","['FAS', 'HLA-DQB1', 'IL1B', 'TGFB1']",LOW (better sensitivity),0.45,0.3115156343138262,0.03958905233898187,0.5257414847136125,1.0,Maybe,aspirin,,,,0.0,0.0,0.24054257335502383
azathioprine,extra_trees,-0.9302418229600986,0.1174243533002147,144,0.30273530668879167,0.7822189520557133,-0.03566980738735759,0.027910545444234332,-0.017735712563298773,0.5396645027560588,"          model_name    cv_mae   cv_rmse     cv_r2  cv_pearson  cv_spearman
0        extra_trees  0.302735  0.782219 -0.035670    0.027911    -0.017736
1            xgboost  0.318314  0.785802 -0.045179    0.034908    -0.019994
2  gradient_boosting  0.328226  0.789356 -0.054655    0.021499    -0.031830
3      random_forest  0.310266  0.791318 -0.059906   -0.013012    -0.076517
4         elasticnet  0.477356  1.129731 -1.160302    0.039518     0.057331
5              ridge  0.857042  1.373079 -2.191212    0.048222     0.053472
6              lasso  0.772467  1.473759 -2.676356    0.048071     0.050181",11,4,3,4,4,"['HLA-DQA1', 'HLA-DRB1', 'IL17A', 'IL23R']","['HLA-DQA1', 'IL17A', 'IL23R']",LOW (better sensitivity),0.4,0.46347730551525235,0.0,0.5326954611022274,0.9999999999972566,Maybe,azathioprine,,,,0.0,0.0,0.23971295749600235
imatinib,extra_trees,0.4932039292470787,3.1131778315648853,338,0.43540319812425504,1.3227668159242862,-0.04579111352760967,0.015462391402826035,0.10106439263923413,0.5684561141625277,"          model_name    cv_mae   cv_rmse     cv_r2  cv_pearson  cv_spearman
0        extra_trees  0.435403  1.322767 -0.045791    0.015462     0.101064
1      random_forest  0.472348  1.367534 -0.117776    0.007376     0.113006
2         elasticnet  0.564545  1.378588 -0.135919    0.029305     0.007839
3            xgboost  0.538720  1.488195 -0.323727    0.005561     0.068570
4              lasso  1.188351  1.913637 -1.188758    0.025438    -0.036237
5  gradient_boosting  0.681691  2.142955 -1.744761   -0.019810     0.067572
6              ridge  2.254472  3.210882 -5.162078   -0.024934    -0.098363",11,3,5,5,6,"['CD40LG', 'JAK2', 'LYN']","['CD40LG', 'JAK2', 'LCK', 'LYN', 'SYK']",HIGH (worse sensitivity),0.1,0.42959832846284834,0.21653527195797342,0.45339995646164194,0.9999999999179211,Worse,imatinib,,,,0.0,0.0,0.22568350760353623
baricitinib,elasticnet,0.0699560004450589,1.1747785289028605,367,0.18519744456467088,0.38289221925655953,-0.0217966672322345,-0.00900578703846721,0.026672117552694597,0.5647378237803325,"          model_name    cv_mae   cv_rmse     cv_r2  cv_pearson  cv_spearman
0         elasticnet  0.185197  0.382892 -0.021797   -0.009006     0.026672
1        extra_trees  0.191443  0.384998 -0.033066    0.056877     0.087642
2      random_forest  0.190849  0.387415 -0.046079    0.061981     0.050819
3              lasso  0.247897  0.436090 -0.325453    0.013014     0.056670
4            xgboost  0.219665  0.439059 -0.343562    0.036725     0.053349
5  gradient_boosting  0.206679  0.439684 -0.347390    0.001909     0.085095
6              ridge  0.519381  0.709655 -2.509989    0.063577     0.065696",9,3,3,3,3,"['JAK1', 'JAK2', 'TYK2']","['JAK1', 'JAK2', 'TYK2']",MEDIUM,0.0,0.5232396080938602,0.1885708413548829,0.432933547812781,0.9999999999692551,Worse,baricitinib,,,,0.0,0.0,0.21367718065123972
erlotinib,elasticnet,-0.10536698366223742,0.784572382042187,269,0.3797974766053827,0.560029849303687,-0.037132636811332276,0.0034548805211404724,0.036912093806062626,0.5567804255071416,"          model_name    cv_mae   cv_rmse     cv_r2  cv_pearson  cv_spearman
0         elasticnet  0.379797  0.560030 -0.037133    0.003455     0.036912
1      random_forest  0.383247  0.568476 -0.068651    0.039203     0.121133
2        extra_trees  0.384949  0.580354 -0.113777   -0.030876     0.064497
3  gradient_boosting  0.429788  0.643021 -0.367295   -0.069918    -0.004614
4            xgboost  0.429975  0.666828 -0.470414   -0.001234     0.074193
5              lasso  0.524520  0.737074 -0.796526   -0.167931    -0.137752
6              ridge  1.032154  1.357558 -5.094367   -0.062169    -0.072743",10,3,4,4,4,"['BLK', 'JAK2', 'LYN']","['BLK', 'JAK2', 'LYN', 'SYK']",MEDIUM,0.05,0.4680099586749182,0.1287250281130378,0.4304107459458159,0.9999999999795888,Worse,erlotinib,,,,0.0,0.0,0.20655733848692096
MLN-8054,elasticnet,-0.9468313003103536,0.11302348639365299,285,0.5071082175235618,0.7700279689565054,-0.07034500234334207,0.02365803596906875,-0.03514543277330527,0.5468466926035166,"          model_name    cv_mae   cv_rmse     cv_r2  cv_pearson  cv_spearman
0         elasticnet  0.507108  0.770028 -0.070345    0.023658    -0.035145
1      random_forest  0.506203  0.783244 -0.107400   -0.041164    -0.040215
2        extra_trees  0.508586  0.785777 -0.114574   -0.042935    -0.093975
3  gradient_boosting  0.540213  0.837619 -0.266496   -0.047862    -0.121725
4            xgboost  0.532176  0.849785 -0.303555   -0.039706    -0.073850
5              lasso  0.678314  0.921266 -0.532078    0.089675     0.045982
6              ridge  1.359482  1.748203 -4.516892    0.029880     0.004908",10,3,4,4,4,"['BLK', 'BTK', 'LYN']","['BLK', 'BTK', 'LCK', 'LYN']",LOW (better sensitivity),0.05,0.3636736821323317,0.05401564399843362,0.39833708302544335,0.9999999999973732,Worse,mln-8054,,,,0.0,0.0,0.18465325176129285
ibrutinib,extra_trees,10.577037895019297,37760513799.31617,162,2.013200872303174,5.038128615512261,-0.06437203342463382,-0.011683912738789977,0.09740728038940896,0.543312530498132,"          model_name    cv_mae   cv_rmse     cv_r2  cv_pearson  cv_spearman
0        extra_trees  2.013201  5.038129 -0.064372   -0.011684     0.097407
1      random_forest  2.070515  5.121434 -0.099862   -0.022911     0.152553
2            xgboost  2.461920  5.956744 -0.487897    0.017484     0.054986
3  gradient_boosting  2.682858  6.151932 -0.587004   -0.015488     0.120793
4         elasticnet  4.590726  7.110882 -1.120323   -0.056972    -0.016652
5              ridge  5.893998  8.576505 -2.084435   -0.019635     0.066198
6              lasso  6.505639  9.540335 -2.816649   -0.041037    -0.003470",9,3,3,3,4,"['BLK', 'BTK', 'LYN']","['BLK', 'BTK', 'LYN']",HIGH (worse sensitivity),0.0,0.06633737574777487,0.02743600099654605,0.01738287529903688,0.0,Worse,ibrutinib,,,,0.0,0.0,0.010565893984221201
